Company,firm,year,mktcap,sharepr,bkvalue,opincome,sharesno,EPS,BVPS,tdebt,debteq,equity,avrgdebteq,dividends,div,retearnings,size,Q-ratio,EV,netprofit
AFRICAN MEDIA,1,2010,293352000,34,52529000,36104000,8628000,4.184515531,6.088201205,52060000,0.177465979,87960000,0.143031138,17257000,1,43988000,0,5.584572331,249247000,24109000
AFRICAN MEDIA,1,2011,409830000,47.5,74191000,36585000,8628000,4.240264256,8.598864163,57732000,0.140868165,113976000,0.143031138,16870000,1,70237000,0,5.523985389,364752000,28290000
AFRICAN MEDIA,1,2012,430976000,52,94311000,49987000,8288000,6.03125,11.37922297,71257000,0.165338673,134091000,0.143031138,0,0,105030000,0,4.569732057,381213000,40723000
AFRICAN MEDIA,1,2013,578088000,69.75,121227000,53374000,8288000,6.439913127,14.62680985,80859000,0.139873168,161007000,0.143031138,8122000,1,134663000,0,4.768640649,503850000,41604000
AFRICAN MEDIA,1,2014,703545000,85,136062000,60565000,8277000,7.317264709,16.4385647,87568000,0.124466807,175842000,0.143031138,24666000,1,152749000,0,5.170767738,599278000,48623000
AFRICAN MEDIA,1,2015,835876000,101,162078000,70156000,8276000,8.477042049,19.5840986,109650000,0.131179744,201504000,0.143031138,24295000,1,179760000,0,5.157245277,731109000,56571000
AFRICAN MEDIA,1,2016,658960000,80,179189000,64433000,8237000,7.822386791,21.75415807,81175000,0.123186536,218615000,0.143031138,28241000,1,199342000,0,3.67745788,658960000,53623000
AFRICAN MEDIA,1,2017,531564000,66,191439000,64117000,8054000,7.960888999,23.76943134,75413000,0.141870029,230865000,0.143031138,27219000,1,218678000,0,2.776675599,416619000,56057000
ARCELORMITTAL,2,2010,39047886763,87.6,3394000000,293000000,445752132,0.657315981,7.614097065,1384000000,0.035443659,22556000000,2.214006156,602000000,1,24994000000,1,11.50497548,35853886763,1255000000
ARCELORMITTAL,2,2011,24944289307,55.96,22543000000,297000000,445752132,0.666289578,50.57294936,9753000000,0.390991296,22669000000,2.214006156,221000000,1,24863000000,1,1.106520397,24853289307,318000000
ARCELORMITTAL,2,2012,12543464994,28.14,22121000000,-477000000,445752132,-1.070101444,49.62623488,8656000000,0.690080453,22242000000,2.214006156,0,0,24383000000,1,0.567038786,11669464994,-444000000
ARCELORMITTAL,2,2013,16688959822,37.44,20548000000,47000000,445752132,0.105439765,46.09736785,12021000000,0.720296539,20694000000,2.214006156,0,0,22271000000,1,0.812193879,16403959822,-2147000000
ARCELORMITTAL,2,2014,9160206313,20.55,20587000000,-301000000,445752132,-0.675263175,46.18486042,12304000000,1.343201188,20722000000,2.214006156,0,0,21979000000,1,0.444951004,9717206313,-158000000
ARCELORMITTAL,2,2015,3570474577,8.01,13360000000,-4736000000,445752132,-10.62473886,29.97181402,17490000000,4.898508482,13472000000,2.214006156,0,0,13260000000,1,0.267251091,6449474577,-8635000000
ARCELORMITTAL,2,2016,11152986285,9.8,13440000000,-1092000000,1138059825,-0.959527765,11.80957249,17103000000,1.533490633,13543000000,2.214006156,0,0,8425000000,1,0.829835289,11963986285,-4706000000
ARCELORMITTAL,2,2017,2856530161,2.51,7976000000,-1220000000,1138059825,-1.071999884,7.008418912,23138000000,8.100037002,8058000000,2.214006156,0,0,3158000000,1,0.358140692,7024530161,-5128000000
ARGENT,3,2010,935958858.8,9.7,961159000,49447000,96490604,0.512454042,9.961166789,719399000,0.768622459,1252201000,1.092360099,8201000,1,658647000,0,0.973781506,1385026859,11655000
ARGENT,3,2011,791222952.8,8.2,1003240000,101963000,96490604,1.056714289,10.39728179,757534000,0.957421669,1291684000,1.092360099,3662000,1,708946000,0,0.78866767,1242108953,54245000
ARGENT,3,2012,651311577,6.75,1020005000,121416000,96490604,1.258319411,10.57102928,685749000,1.052873961,1314684000,1.092360099,6408000,1,795116000,0,0.638537632,1016286577,70045000
ARGENT,3,2013,540347382.4,5.6,1064204000,126233000,96490604,1.30824137,11.0290946,702911000,1.300850199,1358875000,1.092360099,11073000,1,860225000,0,0.507747934,866637382.4,76272000
ARGENT,3,2014,545171912.6,5.65,974218000,79303000,96490604,0.82187277,10.09650639,597931000,1.096775139,1147084000,1.092360099,13216000,1,655323000,0,0.559599507,856232912.6,-193057000
ARGENT,3,2015,397541288.5,4.12,987857000,58136000,96490604,0.60250426,10.23785694,520046000,1.308155945,1160723000,1.092360099,13576000,1,667847000,0,0.402427971,622264288.5,26899000
ARGENT,3,2016,373951605.3,3.9,1022565000,91245000,95885027,0.95160843,10.66449092,386565000,1.033730019,1198863000,1.092360099,16938000,1,706216000,0,0.365699594,513100605.3,55737000
ARGENT,3,2017,400364160,4.2,1024459000,105985000,95324800,1.11183029,10.7470354,488625000,1.220451401,1238152000,1.092360099,17057000,1,750923000,0,0.39080545,552645160,63433000
ASPEN,4,2010,40825044000,94.59,1820200000,2614900000,431600000,6.058619092,4.217330862,8914700000,0.218363512,10886200000,0.342640463,800000,1,5719600000,1,22.42887815,44448244000,1978500000
ASPEN,4,2011,39072695000,90.05,-256000000,3149000000,433900000,7.257432588,-0.589997695,13510100000,0.345768317,13287300000,0.342640463,1700000,1,8363600000,1,-152.6277148,45996195000,2588800000
ASPEN,4,2012,57186351000,142.29,184400000,3940600000,401900000,9.804926599,0.458820602,14320400000,0.250416397,17398100000,0.342640463,2000000,1,12686300000,1,310.1212093,64262751000,2826900000
ASPEN,4,2013,1.08E+11,268.3,-2107300000,5043300000,401900000,12.54864394,-5.243344115,22622800000,0.20980106,22798900000,0.342640463,200000,1,18804600000,1,-51.16963413,1.19E+11,3514100000
ASPEN,4,2014,1.54E+11,337.62,-13464600000,7424800000,456341037,16.27028778,-29.50556472,53671300000,0.348356906,28876100000,0.342640463,716200000,1,25996300000,1,-11.4425873,1.84E+11,5005500000
ASPEN,4,2015,1.34E+11,294,-11400000000,8400000000,456348537,18.40698352,-24.98090621,54300000000,0.404721091,34100000000,0.342640463,857700000,1,31131900000,1,-11.76898859,1.64E+11,5200000000
ASPEN,4,2016,1.42E+11,311,-12600000000,9000000000,456351436,19.72164277,-27.61029988,61800000000,0.435440344,42500000000,0.342640463,1000000000,1,40600000000,1,-11.26391243,1.75E+11,4300000000
ASPEN,4,2017,1.39E+11,303.59,-22800000000,8300000000,456435185,18.18440005,-49.95232784,73200000000,0.528256079,43100000000,0.342640463,1200000000,1,41200000000,1,-6.077594641,1.76E+11,5100000000
BIDVEST,5,2010,51457271872,146.96,11032674000,5463343000,350144746,15.60309861,31.5088949,25951983000,0.504340437,17392937000,0.50255882,0,0,18619202000,1,4.664079794,57057171872,3444788000
BIDVEST,5,2011,46647171510,142.5,11430062000,5847911000,327348572,17.86447689,34.91709748,29372926000,0.629682895,18456992000,0.50255882,1524360000,1,19101358000,1,4.08109523,53741065510,3774149000
BIDVEST,5,2012,68743200120,210,14288499000,7140299000,327348572,21.81252527,43.6491869,33295693000,0.484348895,22599453000,0.50255882,2014585000,1,21948681000,1,4.811086183,75009612120,4737473000
BIDVEST,5,2013,83900141824,256,17670978000,7438920000,327734929,22.69797736,53.91850681,39127700000,0.466360356,27550719000,0.50255882,2182715000,1,24592164000,1,4.747905963,91648876824,5052416000
BIDVEST,5,2014,93138989473,284.19,19640933000,7881985000,327734929,24.04987782,59.92932477,47964355000,0.514976115,33011115000,0.50255882,1785665000,1,27420045000,1,4.7420858,1.04E+11,4836659000
BIDVEST,5,2015,1.06E+11,320.42,22049722000,3973377000,331237219,11.99556322,66.56776695,52150972000,0.49136437,37710234000,0.50255882,1861818000,1,31558166000,1,4.813440719,1.18E+11,6159376000
BIDVEST,5,2016,54155661939,161.58,16279084000,4147751000,335163151,12.37531927,48.57062583,25315164000,0.467451843,19746080000,0.50255882,3149552000,1,17108032000,1,3.326702039,68113544939,81695859000
BIDVEST,5,2017,61364091244,172.66,18208913000,6877150000,355404212,19.35022087,51.23437592,28346875000,0.46194565,23044323000,0.50255882,1529585000,1,20279261000,1,3.370002989,72707104244,4868589000
BOWLER METCALF,6,2010,599431142,7.46,332149000,97615000,80352700,1.214831611,4.133638322,77328000,0.129002307,348070000,0.141826972,23008000,1,352593000,0,1.804705545,533245142,69442000
BOWLER METCALF,6,2011,675999240,8.4,391624000,113376000,80476100,1.408815785,4.866339199,82028000,0.121343332,407545000,0.141826972,25933000,1,405709000,0,1.726143546,580810240,83039000
BOWLER METCALF,6,2012,600672800,7.4,418287000,78266000,81172000,0.964199478,5.153094663,79249000,0.131933725,434208000,0.141826972,29864000,1,434869000,0,1.436030285,588005800,59197000
BOWLER METCALF,6,2013,663882700,8.15,408423000,69924000,81458000,0.858405559,5.013909008,89536000,0.134867199,424344000,0.141826972,30599000,1,436836000,0,1.625478242,614063700,57465000
BOWLER METCALF,6,2014,657432000,8,443933000,75267000,82179000,0.915890921,5.402024848,93661000,0.142464924,459854000,0.141826972,28156000,1,469614000,0,1.480926176,546840000,60202000
BOWLER METCALF,6,2015,741504190,8.99,662890000,88011000,82481000,1.067045744,8.036881221,102841000,0.138692406,667752000,0.141826972,28859000,1,676352000,0,1.118593115,603058190,71988000
BOWLER METCALF,6,2016,728631200,8.8,721344000,79319000,82799000,0.957970507,8.711989275,124453000,0.170803831,699046000,0.141826972,34282000,1,707646000,0,1.010102254,570448200,73575000
BOWLER METCALF,6,2017,587844500,7.1,656385000,48389000,82795000,0.584443505,7.927833806,97293000,0.165508055,661247000,0.141826972,31233000,1,675341000,0,0.895578814,435871500,-1072000
COMAIR,7,2010,1100647060,2.25,725275000,143993000,489176471,0.294357984,1.4826449,1297298000,1.178668483,725275000,1.714121823,20040000,1,582650000,0,1.51755825,1157508060,89707000
COMAIR,7,2011,1076188236,2.2,800521000,117772000,489176471,0.240755652,1.636466689,1303100000,1.210847653,800521000,1.714121823,23598000,1,654615000,0,1.344359781,1246008236,76997000
COMAIR,7,2012,709305883,1.45,762946000,20787000,489176471,0.042493867,1.559653919,1391306000,1.96150354,814461000,1.714121823,0,0,664684000,0,0.929693429,893654883,7681000
COMAIR,7,2013,1418611766,2.9,976057000,373810000,489176471,0.764161856,1.995306516,2584656000,1.821961485,1021200000,1.714121823,24215000,1,867995000,0,1.45341078,1910554766,227526000
COMAIR,7,2014,1893131326,4.3,1033196000,416774000,440263099,0.946647586,2.346769471,2955378000,1.561105645,1067970000,1.714121823,70295000,1,1035452000,0,1.832306093,2345170326,264851000
COMAIR,7,2015,1459618990,3.11,1132085000,327057000,469330865,0.696858068,2.412125612,2869193000,1.965713669,1166190000,1.714121823,81464000,1,1201045000,0,1.289319256,2103248990,218776000
COMAIR,7,2016,1811617139,3.86,1300947000,415855000,469330865,0.886059347,2.771918697,4280903000,2.363028538,1329515000,1.714121823,69764000,1,1325964000,0,1.392537235,3412625139,192702000
COMAIR,7,2017,2651719387,5.65,1520210000,637790000,469330865,1.358934704,3.239100842,4375723000,1.65014557,1542717000,1.714121823,83776000,1,1538211000,0,1.744311238,4414742387,296970000
EOH Ltd,8,2010,1020720540,13.89,139791000,147899000,73486000,2.012614648,1.902280707,641199000,0.628182715,463933000,0.378308757,19200000,1,315083000,0,7.301761487,873041540,93958000
EOH Ltd,8,2011,1967133100,23.05,160702000,232879000,85342000,2.72877364,1.883035317,926989000,0.471238576,711057000,0.378308757,25123000,1,437121000,0,12.24087504,1961567100,150146000
EOH Ltd,8,2012,3228797760,36.98,328341000,356622000,87312000,4.084455745,3.760548378,1381220000,0.427781516,1129838000,0.378308757,41951000,1,618562000,0,9.833672188,3259929760,224294000
EOH Ltd,8,2013,7825231890,81.13,588782000,495723000,96453000,5.139529097,6.104340974,1836225000,0.234654388,1620727000,0.378308757,67464000,1,883170000,0,13.29054198,7741820890,332859000
EOH Ltd,8,2014,12427008330,106.59,627629000,719514000,116587000,6.171477094,5.383353204,3057251000,0.246016653,2628810000,0.378308757,99753000,1,1270985000,0,19.79992692,12730341330,504799000
EOH Ltd,8,2015,19685387880,152.28,1519042000,1046605000,129271000,8.09620874,11.75083352,3864083000,0.196291941,4508624000,0.378308757,140956000,1,1813023000,0,12.95908071,19968203880,718938000
EOH Ltd,8,2016,22366838822,158.91,1441603000,1372421000,140751613,9.750659127,10.24217747,6602776000,0.295203808,6585845000,0.378308757,194300000,1,2544975000,0,15.51525546,24042798822,966322000
EOH Ltd,8,2017,15477844557,103.12,2486905000,1781746000,150095467,11.87075157,16.5688215,8158379000,0.527100461,8561604000,0.378308757,253019000,1,3491764000,0,6.223737761,15062250557,1128456000
EQSTRA,9,2010,1912085038,7.4,1817000000,888000000,258389870,3.436667235,7.03200942,8407000000,4.396770977,1826000000,4.145243671,0,0,334000000,0,1.052330786,7181085038,45000000
EQSTRA,9,2011,2474779132,5.99,2371000000,714000000,413151775,1.728178464,5.738811119,7282000000,2.942484808,2380000000,4.137644804,0,0,278000000,0,1.043770195,7873779132,-55000000
EQSTRA,9,2012,3036445583,7.1,2666000000,770000000,427668392,1.80046039,6.233801819,7953000000,2.619180809,2688000000,4.137644804,107167000,0,-297647000,0,1.138951832,9593445583,299000000
EQSTRA,9,2013,2908145066,6.8,2929000000,969000000,427668392,2.26577418,6.848764264,9609000000,3.304168046,2980000000,4.137644804,0,0,-78008000,0,0.992879845,10224145066,488000000
EQSTRA,9,2014,3249806734,7.9,3184000000,1029000000,411367941,2.501410289,7.740029503,10026000000,3.085106537,3275000000,4.137644804,115000000,1,1222000000,0,1.020667944,11158806734,390000000
EQSTRA,9,2015,2316001508,5.63,3284000000,872000000,411367941,2.119756824,7.983120882,10425000000,4.501292406,3451000000,4.137644804,150000000,1,1314000000,0,0.705237974,9664001508,251000000
EQSTRA,9,2016,1127298332,2.78,478521000,297440000,405502997,0.733508759,1.180067727,6869088000,6.093407403,3770000000,4.137644804,5000000,1,1569000000,0,2.35579699,1260535332,254000000
EQSTRA,9,2017,1115133242,2.75,1135432000,673103000,405502997,1.659921147,2.80005822,6935614000,6.219538384,2715250000,4.137644804,7000000,1,-688000000,0,0.982122436,5667718242,-657019000
NORTHAM PLATINUM,10,2010,16611170520,46.06,8833154000,784975000,360642000,2.1766045,24.49285996,1256153000,0.07562098,8833154000,0.30423488,216158000,1,1081862000,1,1.880548049,15424461520,641026000
NORTHAM PLATINUM,10,2011,11633100500,30.42,10115352000,385294000,382416190,1.007525335,26.45116045,1814219000,0.155953179,10115352000,0.30423488,90202000,1,1363194000,1,1.150044062,9935247500,349209000
NORTHAM PLATINUM,10,2012,11115336375,29.06,10413247000,338689000,382496090,0.885470489,27.22445346,1830605000,0.164691822,10413247000,0.30423488,57364000,1,1622833000,1,1.067422714,11045640375,300644000
NORTHAM PLATINUM,10,2013,15104498833,39.48,10815635000,607676000,382586090,1.588337935,28.2698072,3542029000,0.23450159,10815635000,0.30423488,21747000,1,2220477000,1,1.396542952,15116799833,523856000
NORTHAM PLATINUM,10,2014,14030813116,35.29,11391872000,61482000,397586090,0.154638207,28.65259195,3349124000,0.238697784,11391872000,0.30423488,11066000,1,2223135000,1,1.231651226,13417710116,18270000
NORTHAM PLATINUM,10,2015,14110743948,27.68,9216425000,595813000,509781212,1.168762179,18.07917746,9934911000,0.70406713,9216425000,0.30423488,3908000,1,1139808000,1,1.531043105,10016318948,-1038427000
NORTHAM PLATINUM,10,2016,26325101788,51.64,8727984000,383348000,509781212,0.751985344,17.12103898,10249879000,0.389357621,8727984000,0.30423488,0,0,631545000,1,3.016172095,23508735788,-488441000
NORTHAM PLATINUM,10,2017,24510280673,48.08,8092041000,613985000,509781212,1.204408844,15.87355675,11544071000,0.470988935,8092041000,0.30423488,0,0,-4398000,1,3.028936788,22986277673,-635943000
GRINDROD,11,2010,6672491413,14.35,5101461000,963663000,464981980,2.072473862,31.70133389,8280947000,1.241057723,5970715000,1.4,299608000,1,5582864000,1,1.307956958,8964461413,845075000
GRINDROD,11,2011,9082511313,15.17,8763174000,642558000,598715314,1.073227935,14.63662912,11210012000,2.24330951,9311105000,1.40082808,230115000,1,6104046000,1,1.036440828,10571954313,596724000
GRINDROD,11,2012,12353105468,20.6,9561246000,541395000,599665314,0.902828607,15.94430389,11832612000,0.957865375,10240889000,1.40082808,215472000,1,7079678000,1,1.291997452,12269061468,921813000
GRINDROD,11,2013,15679974695,26.1,11572904000,423578000,600765314,0.705064008,19.26360216,16289460000,1.038870299,12132667000,1.40082808,173870000,1,8055520000,1,1.354886785,12800363695,1262050000
GRINDROD,11,2014,13343553528,17.51,15928042000,618868000,762053314,0.81210591,20.90147987,15310539000,1.147410918,17480481000,1.40082808,170107000,1,8853554000,1,0.837739725,9482539528,1075977000
GRINDROD,11,2015,8776988644,11.51,17535741000,423418000,762553314,0.555263471,22.99608523,17316874000,1.972985804,19139891000,1.40082808,150996000,1,7174992000,1,0.500519975,3778242644,-1368573000
GRINDROD,11,2016,10904512390,14.3,14740549000,456714000,762553314,0.598927303,19.33051595,20374884000,1.868481897,15801356000,1.40082808,45211000,1,5217482000,1,0.739762976,3807734390,-1839505000
GRINDROD,11,2017,10492733601,13.76,13486573000,426137000,762553314,0.558829123,17.68607224,20751488000,1.977700835,14197482000,1.40082808,0,0,4639988000,1,0.778013332,2212428601,721153000
HULAMIN,12,2010,3373761539,10.65,4576188000,218233000,316785121,0.688899148,14.44571634,1031310000,0.305685505,4609534000,1.168490757,0,0,2575959000,0,0.737242775,4332158539,73248000
HULAMIN,12,2011,2425882213,7.65,4622126000,169945000,317108786,0.535920187,14.57583708,2849470000,1.174611852,4669625000,1.168490757,0,0,2653224000,0,0.524841212,3234591213,79676000
HULAMIN,12,2012,1682966155,5.29,4713308000,244552000,318141050,0.768690491,14.81515196,2704549000,1.607013304,4776745000,1.168490757,0,0,2663276000,0,0.357066874,2425449155,132548000
HULAMIN,12,2013,2129520842,6.67,3364717000,-1805371000,319268492,-5.654710832,10.538832,2327062000,1.092763196,3402810000,1.168490757,0,0,1412163000,0,0.63289746,2741202842,-1344959000
HULAMIN,12,2014,2735748916,8.56,3774040000,585133000,319596836,1.830847287,11.8087527,2435561000,0.890272125,3833817000,1.168490757,0,0,1968212000,0,0.724886042,3172786916,384928000
HULAMIN,12,2015,2045419750,6.4,3787600000,295480000,319596836,0.924539816,11.85118115,2802023000,1.369901214,3854517000,1.168490757,105459000,1,2032128000,0,0.54003056,2804878750,163714000
HULAMIN,12,2016,2061399592,6.45,4277602000,621514000,319596836,1.94468133,13.38436905,2609750000,1.266008788,4346688000,1.168490757,0,0,2405974000,0,0.481905421,2476378592,384933000
HULAMIN,12,2017,1572416433,4.92,4584533000,537966000,319596836,1.683264474,14.34473838,2581389000,1.641670073,4648677000,1.168490757,48507000,1,2696590000,0,0.342982902,1889643433,332232000
IMPERIAL,13,2010,23186921800,109.9,10940000000,3537000,210982000,0.016764463,51.85276469,22277000000,0.960757111,11946000000,1.092227224,653000000,1,12513000000,1,2.119462687,28626921800,2262000000
IMPERIAL,13,2011,22503150000,106.65,11193000000,4700000,211000000,0.022274882,53.04739336,23517000000,1.045053692,13016000000,1.092227224,983000000,1,12073000000,1,2.010466363,26338150000,2908000000
IMPERIAL,13,2012,39189590000,187.51,11655000000,5405000,209000000,0.025861244,55.76555024,29809000000,0.760635669,15889000000,1.092227224,1350000000,1,14361000000,1,3.362470184,46614590000,3388000000
IMPERIAL,13,2013,45745774000,218,12330000000,5751000,209843000,0.027406204,58.75821447,34180000000,0.747172843,17536000000,1.092227224,1755000000,1,15219000000,1,3.710119546,55769774000,3688000000
IMPERIAL,13,2014,35491338300,169.95,11343000000,5807000,208834000,0.027806775,54.31586811,40912000000,1.152731961,18109000000,1.092227224,1940000000,1,16229000000,1,3.128919889,48501338300,3627000000
IMPERIAL,13,2015,34472940000,170,12040000000,5205000,202782000,0.025667959,59.37410618,46497000000,1.348797056,19233000000,1.092227224,1724000000,1,18065000000,1,2.863200997,50803940000,3009000000
IMPERIAL,13,2016,34864814040,167.48,12301000000,5231000,208173000,0.025128139,59.09027588,50028000000,1.43491372,19802000000,1.092227224,1909000000,1,19366000000,1,2.834307295,51848814040,2875000000
IMPERIAL,13,2017,37733864000,187.6,10732000000,4764000,201140000,0.023684996,53.35587153,48592000000,1.287755741,20261000000,1.092227224,1688000000,1,20262000000,1,3.516014163,53047864000,2286000000
INSIMBI,14,2010,106600000,0.41,32998000,26797000,260000000,0.103065385,0.126915385,178825000,1.677532833,72936000,1.448786476,18200000,1,28598000,0,3.230498818,153819000,10642000
INSIMBI,14,2011,104000000,0.4,41311000,24581000,260000000,0.094542308,0.158888462,210339000,2.022490385,79749000,1.448786476,5200000,1,35391000,0,2.517489289,160375000,11995000
INSIMBI,14,2012,153400000,0.59,48257000,29200000,260000000,0.112307692,0.185603846,222743000,1.452040417,87863000,1.448786476,5200000,1,45826000,0,3.178813436,163098000,15634000
INSIMBI,14,2013,153400000,0.59,65280000,19394000,260000000,0.074592308,0.251076923,215376000,1.404015645,106021000,1.448786476,7586000,1,46169000,0,2.349877451,185021000,7701000
INSIMBI,14,2014,195000000,0.75,78309000,35383000,260000000,0.136088462,0.301188462,265041000,1.359184615,120463000,1.448786476,2448000,1,65061000,0,2.490135233,149534000,20310000
INSIMBI,14,2015,156000000,0.6,87111000,40222000,260000000,0.1547,0.335042308,251412000,1.611615385,131163000,1.448786476,9663000,1,81492000,0,1.790818611,129762000,25781000
INSIMBI,14,2016,286000000,1.1,94616000,44388000,260000000,0.170723077,0.363907692,277543000,0.97043007,149789000,1.448786476,10632000,1,100251000,0,3.022744568,281392000,28830000
INSIMBI,14,2017,467400000,1.14,197866000,54433000,410000000,0.132763415,0.4826,510860000,1.092982456,311299000,1.448786476,10149000,1,116579000,0,2.362204724,472628000,29447000
ISA HOLDINGS,15,2010,115555555.8,0.6,41780000,17896000,192592593,0.092921538,0.216934615,14063000,0.121699038,47112000,0.10753304,4791000,1,29543000,0,2.765810335,76392555.8,14603000
ISA HOLDINGS,15,2011,150222222.5,0.78,38504000,18819000,192592593,0.097714038,0.199924615,11163000,0.074309911,43464000,0.10753304,11220000,1,31970000,0,3.901470563,112789222.5,13647000
ISA HOLDINGS,15,2012,148296296.6,0.77,42471000,18302000,192592593,0.095029615,0.2205225,5422000,0.036561938,47020000,0.10753304,11252000,1,33578000,0,3.491707203,105563296.6,12860000
ISA HOLDINGS,15,2013,107851852.1,0.56,39678000,13091000,192592593,0.0679725,0.206020384,7040000,0.065274725,43623000,0.10753304,12852000,1,30181000,0,2.718177632,83601852.08,9455000
ISA HOLDINGS,15,2014,119414815.1,0.7,34540000,16388000,170592593,0.096065132,0.20247069,16127000,0.135050245,37777000,0.10753304,9322000,1,33498000,0,3.457290536,115714815.1,12639000
ISA HOLDINGS,15,2015,143297778.1,0.84,49310000,18450000,170592593,0.10815241,0.289051237,27070000,0.188907325,51755000,0.10753304,0,0,48080000,0,2.906059179,121712778.1,14582000
ISA HOLDINGS,15,2016,194475556,1.14,58817000,23851000,170592593,0.139812635,0.344780503,23121000,0.118888977,60551000,0.10753304,7135000,1,58991000,0,3.306451468,175181556,19315000
ISA HOLDINGS,15,2017,272948148.8,1.6,79540000,43775000,170592593,0.256605514,0.466257055,32637000,0.119572161,80940000,0.10753304,9360000,1,79380000,0,3.431583465,236833148.8,29749000
KAP,16,2010,870170996.9,2.05,1298000000,194500000,424473657,0.458214537,3.057904722,1145500000,1.316407929,1364700000,1.634651865,2100000,1,396500000,1,0.67039368,1233470997,96100000
KAP,16,2011,1018736777,2.4,3816000000,872000000,424473657,2.054308873,8.989957179,6948000000,6.820211225,3999000000,1.634651865,2800000,1,527500000,1,0.266964564,1195436777,289000000
KAP,16,2012,6848156177,2.93,5500000000,1187000000,2337254668,0.507860789,2.353188155,8757000000,1.27873836,5683000000,1.634651865,4000000,1,-1405000000,1,1.245119305,10507156177,596000000
KAP,16,2013,8563585791,3.65,6096000000,1329000000,2346187888,0.566450797,2.598257382,8819000000,1.029825615,6301000000,1.634651865,158000000,1,-804000000,1,1.404787695,11777585791,707000000
KAP,16,2014,9971298524,4.25,6654000000,1458000000,2346187888,0.621433606,2.836089997,8698000000,0.87230364,6859000000,1.634651865,200000000,1,-261000000,1,1.498542008,12803298524,826000000
KAP,16,2015,15530225933,6.41,7411000000,1631000000,2422812158,0.673184669,3.05884217,7994000000,0.514738165,7930000000,1.634651865,304000000,1,443000000,1,2.095564152,17794225933,981000000
KAP,16,2016,18258203561,7.48,7951000000,1964000000,2440936305,0.804609279,3.257356607,10077000000,0.551916292,8862000000,1.634651865,385000000,1,1349000000,1,2.296340531,20524203561,1193000000
KAP,16,2017,22548828655,8.47,10097000000,2465000000,2662199369,0.925926145,3.792728718,15628000000,0.693073695,11348000000,1.634651865,479000000,1,2261000000,1,2.233220625,28690828655,1455000000
MASSMART,17,2010,30022830096,149,1496000000,1866700000,201495504,9.264226561,7.424483278,10697600000,0.356315509,3591800000,0.717827676,822400000,1,2861100000,1,20.0687367,29643330096,1211800000
MASSMART,17,2011,29665635902,138.7,1696300000,1366300000,213883460,6.388058244,7.930954549,14610100000,0.492492392,4564800000,0.717827676,822500000,1,2775600000,1,17.48843713,30153035902,1215900000
MASSMART,17,2012,36564551571,168.57,1970000000,1126100000,216910195,5.191549434,9.082099622,18104500000,0.495138029,4915300000,0.717827676,330300000,1,785800000,1,18.56068608,36077751571,722400000
MASSMART,17,2013,36466941983,168.12,2440800000,2152500000,216910195,9.923461643,11.25258313,20778300000,0.569784546,5369600000,0.717827676,913400000,1,3909900000,1,14.94056948,37092841983,1239100000
MASSMART,17,2014,32567710800,150,2568500000,2061700000,217118072,9.495754918,11.82996872,23379200000,0.717864395,5527200000,0.717827676,914000000,1,4048300000,1,12.67966159,33716610800,1137400000
MASSMART,17,2015,23207531378,106.88,2792000000,2150400000,217136334,9.903455402,12.85828101,24939200000,1.074616666,5791100000,0.717827676,958300000,1,4223400000,1,8.312153072,24829831378,1169200000
MASSMART,17,2016,26599200915,122.5,3024700000,2483400000,217136334,11.4370541,13.92995794,25699900000,0.966190679,6183700000,0.717827676,453200000,1,4672400000,1,8.793996401,28378400915,1322600000
MASSMART,17,2017,24223729421,111.56,3012500000,2737100000,217136334,12.60544447,13.87377204,25924700000,1.070219187,6391400000,0.717827676,689900000,1,5491400000,1,8.041072007,25775829421,1521700000
MAZOR,18,2010,262443354.5,2.16,226145253,42611623,121501553,0.350708464,1.861254012,34897518,0.13297162,234286453,0.349123318,19033192,1,154261505,0,1.160507908,134354184.5,33767927
MAZOR,18,2011,168887158.7,1.39,214099429,1687187,121501553,0.013886135,1.762112695,38817148,0.229840731,222495629,0.349123318,21921644,1,142215681,0,0.788825825,103647126.7,9875820
MAZOR,18,2012,170102174.2,1.4,213191760,2510483,121501553,0.020662147,1.754642264,35998517,0.211628788,221587960,0.349123318,3374297,1,144642173,0,0.797883437,133680457.2,5800789
MAZOR,18,2013,212627717.8,1.75,221274154,37301433,121501553,0.307003755,1.821163175,114554780,0.538757511,249670354,0.349123318,1899389,1,172724567,0,0.960924328,194439965.8,30439709
MAZOR,18,2014,263658370,2.17,247186841,39826042,121501553,0.327782164,2.034433593,83299870,0.315938652,275328041,0.349123318,5698409,1,198382254,0,1.066635946,222450257,28412766
MAZOR,18,2015,159167034.4,1.31,201586368,-28010000,121501553,-0.230532033,1.659125855,80284357,0.504403172,220586638,0.349123318,10447082,1,148722620,0,0.78957241,133305074.4,-39212552
MAZOR,18,2016,180429879.3,1.65,222701602,40944595,109351442,0.374431231,2.036567584,103192660,0.57192667,240701602,0.349123318,0,0,177069358,0,0.810186715,125822054.3,28346738
MAZOR,18,2017,229638028.2,2.1,261316617,55594041,109351442,0.508397877,2.389695209,66025388,0.2875194,278316617,0.349123318,9266876,1,214843423,0,0.878773156,127129586.2,47040941
MTN,19,2010,2.24E+11,118.99,43808000000,32137000000,1884000000,17.05785563,23.25265393,80712000000,0.360036678,74074000000,0.453247043,6313000000,1,48977000000,1,5.11726534,2.25E+11,16827000000
MTN,19,2011,2.58E+11,137.09,58159000000,39260000000,1885000000,20.82758621,30.8535809,88709000000,0.343281621,92699000000,0.453247043,11722000000,1,56567000000,1,4.443244382,2.60E+11,23787000000
MTN,19,2012,3.04E+11,161.48,58952000000,41318000000,1883000000,21.94264472,31.30748805,88497000000,0.291044561,92887000000,0.453247043,14919000000,1,62247000000,1,5.157871489,3.12E+11,24068000000
MTN,19,2013,4.08E+11,218,84061000000,41152000000,1873000000,21.97116925,44.88040577,1.08E+11,0.26412026,1.22E+11,0.453247043,16187000000,1,77831000000,1,4.857353588,4.18E+11,30862000000
MTN,19,2014,3.83E+11,207,96824000000,49645000000,1848000000,26.86417749,52.39393939,1.20E+11,0.3143312,1.33E+11,0.453247043,20527000000,1,91305000000,1,3.950838635,3.97E+11,37702000000
MTN,19,2015,2.49E+11,135.2,95951000000,35238000000,1845000000,19.09918699,52.00596206,1.62E+11,0.649560623,1.52E+11,0.453247043,23506000000,1,87526000000,1,2.599701931,2.94E+11,23570000000
MTN,19,2016,2.30E+11,122,58758000000,14142000000,1884269758,7.505294791,31.18343313,1.63E+11,0.711102978,1.05E+11,0.453247043,19792000000,1,1.02E+11,1,3.912333818,2.91E+11,-3103000000
MTN,19,2017,2.14E+11,119.02,56297000000,20557000000,1797451000,11.43675127,31.32046437,1.48E+11,0.69249842,94267000000,0.453247043,12565000000,1,92773000000,1,3.800071372,2.77E+11,4541000000
SANTOVA,20,2010,37681455.69,0.03,40750000,12418000,1256048523,0.009886561,0.032443014,160485000,4.258991513,80277000,2.131594288,0,0,-67633000,0,0.924698299,97738455.69,4187000
SANTOVA,20,2011,96328890.21,0.07,43425000,31701000,1376127003,0.023036391,0.031555954,244461000,2.537774488,103415000,2.131594288,0,0,-50718000,0,2.21828187,193980890.2,17325000
SANTOVA,20,2012,114135608.1,0.85,63343000,39425000,134277186,0.293609072,0.471733151,294680000,2.581841065,123699000,2.131594288,0,0,-27053000,0,1.801866159,242269608.1,22499000
SANTOVA,20,2013,150105348.8,1.1,38130000,40810000,136459408,0.299063294,0.279423754,410122000,2.732227754,147963000,2.131594288,0,0,-2155000,0,3.936673192,302247348.8,25097000
SANTOVA,20,2014,259272875.2,1.9,74583000,51771000,136459408,0.379387547,0.546558138,498031000,1.920875833,198510000,2.131594288,3411000,1,25000000,0,3.476299897,470097875.2,30786000
SANTOVA,20,2015,514451968.2,3.77,108025000,54134000,136459408,0.396704051,0.791627353,503557000,0.978822186,230289000,2.131594288,4435000,1,59090000,0,4.762341756,781147968.2,39220000
SANTOVA,20,2016,642997783.7,4.08,163534000,70786000,157597496,0.449156883,1.037668771,636750000,0.990283351,386415000,2.131594288,5794000,1,102027000,0,3.931890516,864159783.7,49895000
SANTOVA,20,2017,504311987.2,3.2,187073000,96783000,157597496,0.614115087,1.187030281,530505000,1.051938113,365567000,2.131594288,8654000,1,156117000,0,2.695803174,705176987.2,64620000
SHOPRITE,21,2010,52445767890,96.5,5360979000,3387037000,543479460,6.232134329,9.864179596,12019681000,0.229183049,5972016000,0.234218042,1062878000,1,5332583000,1,9.782871354,51208812890,2287296000
SHOPRITE,21,2011,62103397894,114.27,6424345000,3907718000,543479460,7.190185256,11.82076872,13560307000,0.218350484,7143450000,0.234218042,1189411000,1,6512451000,1,9.666884001,62292451894,2529542000
SHOPRITE,21,2012,97340910260,170.63,11913421000,4563104000,570479460,7.99871743,20.88317255,18097801000,0.185921839,12807717000,0.234218042,1433824000,1,8745805000,1,8.170693394,93522544260,3042818000
SHOPRITE,21,2013,94357302684,165.4,14211000000,5357000000,570479460,9.39034685,24.91062518,18228000000,0.193180596,15252270000,0.234218042,1707017000,1,11184825000,1,6.639737012,92445518684,3615308000
SHOPRITE,21,2014,80184888241,139.97,16058000000,5708000000,572871960,9.963832058,28.03069642,23250000000,0.289954884,17283000000,0.234218042,1868000000,1,13218000000,1,4.993454243,76834888241,3740000000
SHOPRITE,21,2015,87437447255,152.63,17702000000,6183000000,572871960,10.79298767,30.90044763,24760000000,0.283173866,19160000000,0.234218042,1947000000,1,15172000000,1,4.939410646,85319447255,4134000000
SHOPRITE,21,2016,1.10E+11,191.39,19546000000,7221000000,572871960,12.60491088,34.11931699,26864000000,0.245015676,21403000000,0.234218042,2152000000,1,17155000000,1,5.609432335,1.11E+11,4847000000
SHOPRITE,21,2017,1.22E+11,203.62,25394000000,7725000000,600021829,12.8745316,42.3217936,27974000000,0.228963939,27749000000,0.234218042,2595000000,1,18838000000,1,4.811232764,1.23E+11,5436000000
TIGER BRANDS,22,2010,36707037665,193,6615600000,2827500000,190191905,14.86656333,34.7838148,4382500000,0.119391274,8601400000,0.136392244,1179500000,1,9366500000,1,5.548557601,36951037665,2175500000
TIGER BRANDS,22,2011,47664314090,250.02,6419800000,3371300000,190642005,17.68393067,33.67463535,5950600000,0.124843924,10245500000,0.136392244,1230200000,1,10978600000,1,7.424579284,49720914090,2578300000
TIGER BRANDS,22,2012,62521104426,327,7683400000,3479100000,191196038,18.19650677,40.18597917,6157900000,0.098493142,11695500000,0.136392244,1318200000,1,12142500000,1,8.137166414,64095504426,2747800000
TIGER BRANDS,22,2013,51129765633,266.93,8390900000,3080400000,191547468,16.08165345,43.80585182,11425500000,0.223460833,13906500000,0.136392244,1426100000,1,13081200000,1,6.093478129,56628165633,2389600000
TIGER BRANDS,22,2014,70648479520,368.06,9420500000,2500500000,191948268,13.02694745,49.07832771,10904800000,0.154352933,13947200000,0.136392244,1467200000,1,13198800000,1,7.499440531,74907479520,1863800000
TIGER BRANDS,22,2015,60502008420,315,9544600000,3687200000,192069868,19.19718089,49.69337512,11076700000,0.183079873,13777600000,0.136392244,1643000000,1,13152900000,1,6.338873124,64342708420,942000000
TIGER BRANDS,22,2016,76411155586,397.83,12093400000,3830300000,192069868,19.94222228,62.96354616,8495000000,0.111174866,16033900000,0.136392244,1661100000,1,14373400000,1,6.318417946,78925455586,3294100000
TIGER BRANDS,22,2017,88352139280,460,13464200000,4524000000,192069868,23.55392882,70.10053238,6744900000,0.076341106,17061200000,0.136392244,1834100000,1,15544500000,1,6.562004373,88178739280,3033000000
VALUE,23,2010,729135123.8,3.75,459290000,142372000,194436033,0.732230533,2.362165042,579219000,0.79439185,485006000,0.881901788,37668000,1,512389000,0,1.587526669,795878123.8,91370000
VALUE,23,2011,797187735.3,4.1,471163000,154223000,194436033,0.793181169,2.423228826,732187000,0.918462449,502774000,0.881901788,27982000,1,578625000,0,1.691957423,996016735.3,94111000
VALUE,23,2012,1070601611,5.39,545366000,176987000,198627386,0.891050341,2.745673751,796725000,0.744184384,582728000,0.881901788,31284000,1,656808000,0,1.963088294,1320719611,109502000
VALUE,23,2013,1122244731,5.65,612053000,166411000,198627386,0.837804914,3.081412953,758338000,0.675733179,650117000,0.881901788,36272000,1,722239000,0,1.83357443,1264607731,101678000
VALUE,23,2014,1132176100,5.7,677728000,166857000,198627386,0.840050324,3.412057187,789856000,0.697644121,715296000,0.881901788,39734000,1,793694000,0,1.670546444,1214725100,110670000
VALUE,23,2015,764715436.1,3.85,700833000,108697000,198627386,0.547240752,3.528380523,700833000,0.916462473,726094000,0.881901788,35785000,1,826385000,0,1.091152152,920876436.1,68160000
VALUE,23,2016,592839380,3.18,723836000,88306000,186427478,0.473674809,3.882667983,723836000,1.220964775,741251000,0.881901788,26147000,1,800794000,0,0.819024448,772569380,54195000
VALUE,23,2017,682324569.5,3.66,786943000,135414000,186427478,0.726362881,4.221174949,741940000,1.087371074,799598000,0.881901788,27716000,1,861345000,0,0.867057169,776262569.5,83607000
VERIMARK,24,2010,123414114.2,1.08,42613545,28266364,114272328,0.247359658,0.372912198,80596102,0.65305417,56899109,0.649651155,0,0,31438696,0,2.89612409,128529169.2,13617978
VERIMARK,24,2011,219402869.8,1.92,66284042,57737534,114272328,0.505262604,0.580053309,90546256,0.412694037,80626333,0.649651155,6454797,1,58508962,0,3.310040594,229793009.8,33482606
VERIMARK,24,2012,141697686.7,1.24,77583485,48982878,114272328,0.42865039,0.678935017,63196248,0.445993505,92246445,0.649651155,15582772,1,69734032,0,1.826389814,159071979.7,26807842
VERIMARK,24,2013,102845095.2,0.9,73022152,16586645,114272328,0.145150145,0.639018678,115874793,1.126692457,87448631,0.649651155,14025347,1,64586833,0,1.408409536,156290695.2,8878148
VERIMARK,24,2014,86846969.28,0.76,100284101,29643967,114272328,0.259415097,0.877588676,45201696,0.520475226,115177260,0.649651155,0,0,82248227,0,0.866009352,100808706.3,17661394
VERIMARK,24,2015,73134289.92,0.64,111345299,18108223,114272328,0.158465512,0.974385496,52553662,0.718591266,125968214,0.649651155,0,0,93505890,0,0.656824227,91482274.92,11994013
VERIMARK,24,2016,45708931.2,0.4,114310206,17829811,114272328,0.156029122,1.000331471,41142541,0.900098513,128645846,0.649651155,5629696,1,96340362,0,0.399867455,44055971.2,9265281
VERIMARK,24,2017,98274202.08,0.86,136180494,35832585,114272328,0.313571847,1.191718909,41236844,0.419610062,150337008,0.649651155,3995772,1,118170490,0,0.721646685,70030435.08,26312557
WINHOLD,25,2010,186798393.9,1.48,224960000,50470000,126215131,0.399872817,1.782353655,397026000,2.125425127,251654000,2.889721873,11498000,1,114910000,0,0.830362704,425503393.9,30688000
WINHOLD,25,2011,201944209.6,1.6,240822000,51227000,126215131,0.405870513,1.908027969,435313000,2.15561021,267392000,2.889721873,12756000,1,126979000,0,0.838562131,432174209.6,28433000
WINHOLD,25,2012,153982459.8,1.22,247858000,35682000,126215131,0.282707784,1.963774058,424289000,2.755437213,271922000,2.889721873,12860000,1,132915000,0,0.621252733,396784459.8,18411000
WINHOLD,25,2013,94661348.25,0.75,231453000,23474000,126215131,0.18598404,1.833797566,403235000,4.259763963,250994000,2.889721873,9085000,1,121452000,0,0.408987346,315414348.3,-11221000
WINHOLD,25,2014,93399196.94,0.74,243034000,17471000,126215131,0.138422389,1.925553601,305646000,3.27246925,262575000,2.889721873,382000,1,134046000,0,0.384305064,241128196.9,15276000
WINHOLD,25,2015,76991229.91,0.61,254794000,21408000,126215131,0.169615163,2.01872785,332412000,4.317530716,274335000,2.889721873,0,0,148400000,0,0.302170498,179066229.9,12401000
WINHOLD,25,2016,131263736.2,1.04,285902000,39610000,126215131,0.313829251,2.265195922,293137000,2.233191043,305443000,2.889721873,0,0,175802000,0,0.459121434,208710736.2,31135000
WINHOLD,25,2017,104758558.7,0.83,296527000,28241000,126215131,0.223752887,2.349377588,209344000,1.998347462,312468000,2.889721873,8835000,1,183649000,0,0.353285059,125426558.7,19631000
WOOLWORTHS,26,2010,21296404567,25.12,3004000000,1654000000,847786806,1.950962186,3.543343655,5614000000,0.263612573,3396000000,0.380147872,725000000,1,3396000000,1,7.089349057,19991404567,1268000000
WOOLWORTHS,26,2011,30522318372,36,3400000000,2122000000,847842177,2.502824296,4.010180305,4972000000,0.162897193,4093000000,0.365707272,923000000,1,4008000000,1,8.977152462,28844318372,1647000000
WOOLWORTHS,26,2012,49930562963,59.77,3353000000,2687000000,835378333,3.216506694,4.013750258,5473000000,0.109612223,4572000000,0.365707272,1299000000,1,5363000000,1,14.89131016,48427562963,2059000000
WOOLWORTHS,26,2013,62515723120,74.19,3212000000,3469000000,842643525,4.116806095,3.811813542,6551000000,0.104789638,5904000000,0.365707272,1640000000,1,6115000000,1,19.46317656,62070723120,2638000000
WOOLWORTHS,26,2014,59214117802,69.91,4006000000,3943000000,847004975,4.655226494,4.729606222,15317000000,0.258671421,6952000000,0.365707272,1969000000,1,6692000000,1,14.78135741,58657117802,2990000000
WOOLWORTHS,26,2015,97876019888,96.28,-1403000000,5587000000,1016576858,5.495895324,-1.380121915,27158000000,0.277473482,14297000000,0.365707272,2047000000,1,5830100000,1,-69.76195288,1.12E+11,3120000000
WOOLWORTHS,26,2016,80847414773,77.29,2191300000,1494900000,1046026844,1.429122024,2.094879317,14720300000,0.182075086,19853000000,0.365707272,1184800000,1,3124500000,1,36.89472677,95240414773,4353000000
WOOLWORTHS,26,2017,77522602987,59.89,3343300000,23260000000,1294416480,17.96948692,2.582862666,1.30E+11,1.682051363,56150000000,0.365707272,540900000,1,3797200000,1,23.18745042,77522602987,15934000000
AFRICAN OXYGEN,27,2010,6200000000,18,2572000000,220000000,340000000,0.638758,7.50176,2559000000,0.414658,2700000000,0.05,117000000,1,1952000000,0,2.410575428,7074000000,110000000
AFRICAN OXYGEN,27,2011,6500000000,19.1,2736000000,340000000,340000000,0.985846,7.9801,2489000000,0.380088,2900000000,0.05,93000000,1,2041000000,0,2.375730994,7254000000,180000000
AFRICAN OXYGEN,27,2012,7800000000,22.8,2725000000,440000000,340000000,1.28043,8.25718,2556000000,0.326978,2800000000,0.05,154000000,1,2157000000,0,2.862385321,8442000000,280000000
AFRICAN OXYGEN,27,2013,6800000000,19.8,3239000000,510000000,340000000,1.49919,9.4472,2768000000,0.407749,3200000000,0.05,139000000,1,2307000000,0,2.099413399,7486000000,320000000
AFRICAN OXYGEN,27,2014,4700000000,13.6,3047000000,200000000,340000000,0.583341,8.88719,2862000000,0.613794,3000000000,0.05,136000000,1,2254000000,0,1.54250082,5231000000,96000000
AFRICAN OXYGEN,27,2015,5900000000,17.26,3437000000,510000000,340000000,1.48168,10.1151,2827000000,0.477724,3500000000,0.05,56000000,1,2612000000,0,1.716613326,6085000000,430000000
AFRICAN OXYGEN,27,2016,6800000000,19.8,3655000000,850000000,340000000,2.47336,10.7451,2763000000,0.407013,3700000000,0.05,275000000,1,3202000000,0,1.860465116,6674000000,600000000
AFRICAN OXYGEN,27,2017,11000000000,31,4017000000,860000000,340000000,2.49378,11.766,2922000000,0.274923,4000000000,0.05,315000000,1,3536000000,0,2.738361962,10689000000,640000000
ADVTECH,28,2010,21320582847,53.19,534100000,202900000,400838181,0.506189304,1.332457898,306800000,0.014389851,677800000,0.071047851,0,0,620000000,1,39.91870969,21283082847,148800000
ADVTECH,28,2011,27929602772,66.36,616800000,230000000,420880090,0.546473938,1.465500542,403800000,0.014457778,751200000,0.071047851,47800000,1,728400000,1,45.28145715,27953502772,156300000
ADVTECH,28,2012,28777802247,68.31,663800000,200000000,421282422,0.474740909,1.575665077,542600000,0.01885481,793100000,0.071047851,107200000,1,759400000,1,43.35312179,28840002247,138400000
ADVTECH,28,2013,32025889720,76.02,727800000,221700000,421282422,0.526250298,1.727582168,779700000,0.024345928,853000000,0.071047851,99400000,1,815500000,1,44.00369569,32228289720,155700000
ADVTECH,28,2014,37207663511,88.32,799700000,256400000,421282422,0.608617845,1.898251525,1031400000,0.027720096,928800000,0.071047851,105600000,1,876900000,1,46.52702702,37148863511,167100000
ADVTECH,28,2015,7308555795,13.77,1864800000,448300000,530759317,0.844638965,3.513456929,1149100000,0.157226685,2254500000,0.071047851,116900000,1,984700000,1,3.919216964,8476955795,238000000
ADVTECH,28,2016,10583172000,19.73,2152700000,608100000,536400000,1.133668904,4.013236391,1116000000,0.105450426,2677300000,0.071047851,164500000,1,1196300000,1,4.916231709,11667272000,371600000
ADVTECH,28,2017,8634184000,15.86,2267100000,640100000,544400000,1.17578986,4.164401176,1778100000,0.205937237,2880100000,0.071047851,186100000,1,1383300000,1,3.808470734,10282684000,373600000
ASSORE,29,2010,21918299000,157,7966731000,2297966000,139607000,16.46024913,57.06541219,4380521000,0.199856795,7969478000,0.118816418,360625000,1,9697261000,1,2.751228703,21146803000,1479524000
ASSORE,29,2011,28591513600,204.8,10877244000,4503066000,139607000,32.25530238,77.9133138,4152143000,0.145222917,10879811000,0.118816418,540382000,1,12390460000,1,2.628562309,26525213600,3219754000
ASSORE,29,2012,46070310000,330,11300558000,5610123000,139607000,40.18511249,80.945497,6134247000,0.133149679,11327260000,0.118816418,1947872000,1,15907437000,1,4.076817269,44660850000,4033013000
ASSORE,29,2013,60170617000,431,14124899000,5697373000,139607000,40.81008116,101.1761516,6097326000,0.101333945,14151421000,0.118816418,1631343000,1,18765442000,1,4.25989715,57029295000,3425644000
ASSORE,29,2014,29433343810,210.83,17426521000,119111000,139607000,0.853187877,124.8255532,1504783000,0.051125112,17452863000,0.118816418,831330000,1,21935592000,1,1.688997122,28323704810,4005123000
ASSORE,29,2015,10889346000,78,17798559000,149269000,139607000,1.069208564,127.4904482,1688347000,0.155045767,17824721000,0.118816418,905465000,1,22461703000,1,0.61181054,9340882000,1403371000
ASSORE,29,2016,19558940700,140.1,18909942000,109571000,139607000,0.784853195,135.4512453,1916927000,0.098007711,18911609000,0.118816418,726180000,1,23485031000,1,1.034320502,16924138700,1539363000
ASSORE,29,2017,40374344400,289.2,21913841000,1744574000,139607000,12.49632182,156.9680675,2696579000,0.066789419,22624952000,0.118816418,1630518000,1,27370925000,1,1.842412948,35351633400,5021171000
EXXARO,30,2010,60875169100,170,17391000000,2488000000,358089230,6.947988913,48.56610739,11143000000,0.183046719,17414000000,0.37183156,1056000000,1,12946000000,1,3.50038348,63118169100,5378000000
EXXARO,30,2011,70846909600,200,26045000000,2808000000,354234548,7.92695127,73.52473142,10747000000,0.151693279,23608000000,0.37183156,2123000000,1,18027000000,1,2.720173146,72869909600,8198000000
EXXARO,30,2012,58426745291,163.3,27844000000,1738000000,357787785,4.857628105,77.82266798,13611000000,0.232958381,28806000000,0.37183156,3012000000,1,24784000000,1,2.098360339,60637745291,9715000000
EXXARO,30,2013,51070852168,142.61,35321000000,992000000,358115505,2.770055991,98.63018916,13009000000,0.254724553,36272000000,0.37183156,1387000000,1,29668000000,1,1.44590618,54473852168,8844000000
EXXARO,30,2014,34737203985,97,34623000000,1204000000,358115505,3.362043763,96.68109735,12772000000,0.367674958,34425000000,0.37183156,2055000000,1,25985000000,1,1.003298501,35808203985,306000000
EXXARO,30,2015,26045740679,72.73,35214000000,4922000000,358115505,13.74416894,98.33140288,17356000000,0.666366152,34226000000,0.37183156,984000000,1,25670000000,1,0.739641639,28257740679,2434000000
EXXARO,30,2016,43070551786,120.27,36157000000,4484000000,358115505,12.52109986,100.9646315,23743000000,0.55125832,35087000000,0.37183156,625000000,1,31281000000,1,1.191209221,43604551786,4741000000
EXXARO,30,2017,37987045249,105.9,40999000000,5220000000,358706754,14.55227687,114.2967049,21536000000,0.566930117,39365000000,0.37183156,2227000000,1,30962000000,1,0.926535897,37179045249,4680000000
IMPLATS,31,2010,1.15E+11,182.25,44715000000,7031000000,631714000,11.13003669,70.7836141,16838000000,0.14625222,45733000000,0.509148593,1920000000,1,30017000000,1,2.57474844,1.15E+11,4768000000
IMPLATS,31,2011,1.00E+11,166.73,48592000000,10193000000,600990000,16.96034876,80.85325879,17994000000,0.179575349,49610000000,0.509148593,2519000000,1,34136000000,1,2.062130859,99550062700,6319000000
IMPLATS,31,2012,85405056000,140.8,51457000000,5592000000,606570000,9.219051387,84.83274808,19771000000,0.231496833,52475000000,0.509148593,3364000000,1,34869000000,1,1.659736401,90028056000,5270000000
IMPLATS,31,2013,73982329000,121.9,54616000000,2214000000,606910000,3.647987346,89.99027862,25686000000,0.347191016,54616000000,0.509148593,580000000,1,35300000000,1,1.354590761,79927329000,2392000000
IMPLATS,31,2014,51435346500,84.73,54917000000,-21000000,607050000,-0.034593526,90.46536529,24950000000,0.485074986,54917000000,0.509148593,371000000,1,34936000000,1,0.936601535,57467346500,540000000
IMPLATS,31,2015,23299730400,38.38,52362000000,-4029000000,607080000,-6.636687092,86.25222376,24853000000,1.066664703,52362000000,0.509148593,0,0,31271000000,1,0.444974035,31036730400,-2654000000
IMPLATS,31,2016,48556305600,68.42,58456000000,-370000000,709680000,-0.521361741,82.36951866,26560000000,0.546993839,58456000000,0.509148593,0,0,31200000000,1,0.830647078,53595305600,2369000000
IMPLATS,31,2017,22663892000,31.4,49232000000,-10453000000,721780000,0.576740835,68.2091496,24249000000,1.069939797,49232000000,0.509148593,0,0,22982000000,1,0.460348798,26710892000,-9634000000
MERAFE,32,2010,3739832091,1.5,2575005000,416280000,2476656043,0.090931355,1.032802384,1242603000,0.332261708,2575005000,0.71030197,49187000,1,1272279000,0,1.452359157,3732725091,278704000
MERAFE,32,2011,2144170399,0.86,2658668000,226712000,2493221394,0.038508012,1.06635857,1263470000,0.589258205,2658668000,0.71030197,49533000,1,1339496000,0,0.806482945,2236997399,116750000
MERAFE,32,2012,1820051618,0.73,2709629000,96009000,2493221394,0.038508012,1.086798391,1582483000,0.869471494,2709629000,0.71030197,0,0,1388369000,0,0.671697719,2261916618,48873000
MERAFE,32,2013,2693705106,1.08,2925837000,304660000,2494171394,0.122148783,1.173069745,2077773000,0.771343899,2925837000,0.71030197,0,0,1598985000,0,0.920661372,3300233106,210616000
MERAFE,32,2014,2054390179,0.82,3123502000,351930000,2505353877,0.140471174,1.246730863,2277645000,1.108672064,3123502000,0.71030197,27952000,1,1804220000,0,0.657720142,2847545179,214097000
MERAFE,32,2015,1933242271,0.77,3414689000,542239000,2510704248,0.215970878,1.360052265,1942916000,1.005003889,3414689000,0.71030197,45192000,1,2120007000,0,0.566154713,2197603271,343457000
MERAFE,32,2016,4343518349,1.73,3897156000,803304000,2510704248,0.319951663,1.552216277,2374380000,0.546649009,3897156000,0.71030197,49963000,1,2602474000,0,1.114535407,4457155349,532430000
MERAFE,32,2017,3740949330,1.49,4635525000,1297047000,2510704248,0.516606845,1.846304679,1719922000,0.459755492,4635525000,0.71030197,175749000,1,3340843000,0,0.807017399,3081432330,914118000
METAIR,33,2010,2135446250,14,1343552000,402949000,152531875,2.641736358,8.808335963,718277000,0.336359204,1369919000,0.554243234,113769000,1,1297256000,0,1.589403499,2013868250,291901000
METAIR,33,2011,3691271375,24.2,1678690000,576223000,152531875,3.77772187,11.00550295,780718000,0.211503821,1701408000,0.554243234,130102000,1,1599664000,0,2.198899961,3465596375,443573000
METAIR,33,2012,5704692125,37.4,1968236000,569809000,152531875,3.735671642,12.90376847,1241139000,0.217564589,2052730000,0.554243234,132103000,1,1755168000,0,2.898378104,5824542125,501498000
METAIR,33,2013,8546443804,42.95,2545221000,445614000,198985886,2.239425162,12.79096247,3660574000,0.428315459,3788752000,0.554243234,155951000,1,1897909000,0,3.357839576,9443101804,536395000
METAIR,33,2014,6670006899,33.52,2968736000,829381000,198985886,4.168039335,14.9193295,3696020000,0.554125364,4238631000,0.554243234,169323000,1,2266646000,0,2.246749761,8036911899,634149000
METAIR,33,2015,3939920543,19.8,3617453000,789618000,198985886,3.968211092,18.17944515,4065916000,1.031979187,4974544000,0.554243234,188429000,1,2630982000,0,1.089142151,5435294543,926804000
METAIR,33,2016,4815458441,24.2,3178112000,731436000,198985886,3.675818495,15.97154484,3851577000,0.799835996,4179573000,0.554243234,152783000,1,2904386000,0,1.515194695,6199074441,-660517000
METAIR,33,2017,4576675378,23,3360965000,847513000,198985886,4.259161376,16.89046931,3909681000,0.854262249,4195537000,0.554243234,153758000,1,3275935000,0,1.36171468,5900258378,149154000
MR PRICE,34,2010,13549002138,51.2,2000853000,991518000,264628948,3.746823647,7.560975529,1539421000,0.113618773,2070823000,0.057562591,348731000,1,2412561000,1,6.771612976,12378259138,661613000
MR PRICE,34,2011,19709564047,74.48,2315020000,1433768000,264628948,5.41803159,8.748173688,1466953000,0.074428485,2394184000,0.057562591,512308000,1,2909725000,1,8.513777007,18341052047,1006938000
MR PRICE,34,2012,32215928130,121.74,2679000000,1741000000,264628948,6.579023244,10.123609,1515000000,0.047026427,2781000000,0.057562591,670000000,1,3537000000,1,12.02535578,31065928130,1642000000
MR PRICE,34,2013,34399116951,129.99,3211000000,2072000000,264628948,7.829831225,12.13397107,1581000000,0.045960482,3316000000,0.057562591,888000000,1,4223000000,1,10.71289846,32147116951,1880000000
MR PRICE,34,2014,53719676444,203,3706000000,2537000000,264628948,9.587008599,14.00451473,2641000000,0.049162619,3922000000,0.057562591,1094000000,1,5048000000,1,14.49532554,51466676444,1879000000
MR PRICE,34,2015,67258093424,254.16,4693000000,3076000000,264628948,11.6238228,17.73426541,2846000000,0.04231461,5021000000,0.057562591,1340000000,1,6048000000,1,14.33157755,64485093424,2251000000
MR PRICE,34,2016,60216317117,227.55,5247000000,3603000000,264628948,13.61529049,19.82776276,2443000000,0.040570399,5620000000,0.057562591,1592000000,1,7184000000,1,11.47633259,58785317117,2586000000
MR PRICE,34,2017,46099727214,174,6373000000,3048000000,264940961,11.50444985,24.05441566,2186000000,0.047418936,6729000000,0.057562591,1688000000,1,7845000000,1,7.233599123,44303727214,2250000000
MUSTEK,35,2010,426138471.9,3.89,1651192000,128031000,109547165,1.168729469,15.07288664,1081555000,2.53803651,641751000,2.861112999,11045000,1,492818000,0,0.258079298,486592471.9,59048000
MUSTEK,35,2011,602509407.5,5.5,644861000,155137000,109547165,1.41616627,5.886606011,956865000,1.588132879,712674000,2.861112999,13146000,1,576181000,0,0.934324463,602706407.5,90733000
MUSTEK,35,2012,648645606.7,5.98,713918000,136929000,108469165,1.262377193,6.581759895,1343041000,2.070531252,774158000,2.861112999,18623000,1,639655000,0,0.908571582,610585606.7,86196000
MUSTEK,35,2013,569274116.3,5.25,781422000,137249000,108433165,1.265747431,7.206485211,1394408000,2.44944915,838911000,2.861112999,18434000,1,706140000,0,0.72851048,349855116.3,90255000
MUSTEK,35,2014,832125528,7.8,874481000,181459000,106682760,1.700921498,8.197022649,1766667000,2.123077517,934513000,2.861112999,21687000,1,791787000,0,0.951565017,960991528,109663000
MUSTEK,35,2015,906705371.3,8.75,950173000,233501000,103623471,2.253360148,9.169476672,2445167000,2.696760246,1013016000,2.861112999,29871000,1,894636000,0,0.954252932,853704371.3,133840000
MUSTEK,35,2016,470400000,4.8,920278000,188828000,98000000,1.926816327,9.390591837,2098221000,4.460503827,987337000,2.861112999,35605000,1,927669000,0,0.511149892,464418000,78590000
MUSTEK,35,2017,403380000,4.86,884945000,173692000,83000000,2.092674699,10.66198795,2001738000,4.962412613,978461000,2.861112999,13950000,1,969164000,0,0.455824938,426052000,65351000
NETCARE,36,2010,1.21E+11,95,31195000000,3708000000,1276642003,2.904494754,24.43519791,38321000000,0.315968726,6358000000,0.222297517,0,0,4518000000,1,3.887834277,1.48E+11,-43000000
NETCARE,36,2011,1.24E+11,95.5,35264000000,3701000000,1295001602,2.857911522,27.23085434,42979000000,0.347522261,7685000000,0.222297517,553000000,1,5537000000,1,3.507051185,1.52E+11,1877000000
NETCARE,36,2012,1.17E+11,88.81,38796000000,3812000000,1316594073,2.895349507,29.4669411,45242000000,0.386926103,-1020000000,0.222297517,694000000,1,427000000,1,3.013885958,1.41E+11,-8128000000
NETCARE,36,2013,1.22E+11,83,20046000000,3060000000,1475000000,2.074576271,13.59050847,13487000000,0.110165407,10432000000,0.222297517,813000000,1,4846000000,1,6.107203432,1.31E+11,8854000000
NETCARE,36,2014,1.15E+11,78.01,22401000000,3253000000,1478000000,2.200947226,15.15629229,14545000000,0.126150511,12172000000,0.222297517,973000000,1,5859000000,1,5.147037186,1.24E+11,2777000000
NETCARE,36,2015,1.13E+11,77.5,26785000000,3728000000,1456000000,2.56043956,18.39629121,17383000000,0.154049982,14281000000,0.222297517,1166000000,1,6902000000,1,4.212805675,1.23E+11,3263000000
NETCARE,36,2016,1.25E+11,85.5,26403000000,4128000000,1462000000,2.823529412,18.05950752,17650000000,0.14119887,13009000000,0.222297517,1250000000,1,7283000000,1,4.73434837,1.33E+11,-94000000
NETCARE,36,2017,98015119620,72.05,26075000000,2966000000,1360376400,2.180278929,19.16748923,19250000000,0.196398271,8862000000,0.222297517,1296000000,1,5316000000,1,3.758969113,1.05E+11,-2796000000
NU-WORLD,37,2010,634101020,28,598620000,103459000,22646465,4.568439269,26.43326453,239496000,0.377693762,649238000,0.460979517,8038000,1,585041000,0,1.059271357,604717020,73973000
NU-WORLD,37,2011,396313137.5,17.5,595253000,51205000,22646465,2.261059287,26.2845879,212665000,0.536608504,651919000,0.460979517,24644000,1,603313000,0,0.6657894,344294137.5,23905000
NU-WORLD,37,2012,509318997.9,22.49,634255000,84581000,22646465,3.734843385,28.0067993,267138000,0.524500364,696183000,0.460979517,9161000,1,641708000,0,0.803019287,627771997.9,42914000
NU-WORLD,37,2013,475575765,21,649895000,70303000,22646465,3.104369711,28.69741481,191588000,0.402854843,711111000,0.460979517,12795000,1,660373000,0,0.731773233,398525765,39711000
NU-WORLD,37,2014,588808090,26,735083000,108542000,22646465,4.79288931,32.45906149,260391000,0.442234073,797667000,0.460979517,13452000,1,724645000,0,0.801008988,560814090,75163000
NU-WORLD,37,2015,629571727,27.8,811966000,130953000,22646465,5.782491881,35.85398428,362176000,0.57527361,873650000,0.460979517,26206000,1,790983000,0,0.775367105,699700727,92544000
NU-WORLD,37,2016,679393950,30,860011000,113062000,22646465,4.992478959,37.97550744,305542000,0.44972729,924475000,0.460979517,37027000,1,856084000,0,0.789982861,682774950,114112000
NU-WORLD,37,2017,939828297.5,41.5,951018000,237117000,22646465,10.47037584,41.99410372,356142000,0.378943687,1014246000,0.460979517,40854000,1,980922000,0,0.988233974,901452297.5,147045000
OCEANA,38,2010,3877913029,38.8028,1230287000,484474000,99939000,4.847697095,12.31037933,596759000,0.153886638,1246470000,0.219703507,193840000,1,1162803000,1,3.152039345,3767137029,294424000
OCEANA,38,2011,4653499633,46.5634,1381250000,512689000,99939000,5.130019312,13.82093077,623645000,0.134016342,1399351000,0.219703507,219993000,1,1283031000,1,3.369049508,4309878633,333170000
OCEANA,38,2012,8082350573,67.7303,1617013000,663070000,119331386,5.556543188,13.55060939,935486000,0.115744299,1633242000,0.219703507,242222000,1,1496895000,1,4.998321333,7899448573,444094000
OCEANA,38,2013,9506849230,79.5458,1770502000,748679000,119514157,6.264354105,14.8141613,1106031000,0.116340438,1789375000,0.219703507,380934000,1,1620682000,1,5.369578362,9737586230,506032000
OCEANA,38,2014,12158439742,101.722,1649281000,879566000,119526157,7.358774197,13.79849433,1228391000,0.10103196,1746906000,0.219703507,365880000,1,1563243000,1,7.371963748,12183972742,572790000
OCEANA,38,2015,15856560018,117,3536656000,1025601000,135526154,7.567550393,26.09574533,2448778000,0.154433118,3564286000,0.219703507,427395000,1,1755638000,1,4.483489493,19130142018,1065310000
OCEANA,38,2016,16263138480,120,3296706000,1729678000,135526154,12.76268786,24.32523836,7099102000,0.436514884,4007699000,0.219703507,476827000,1,2215919000,1,4.93314796,19782624480,847063000
OCEANA,38,2017,11521078352,85.01,3185425000,1010129000,135526154,7.453387927,23.50413486,6286596000,0.545660381,3756629000,0.219703507,573243000,1,2134148000,1,3.616810426,14554876352,323821000
PSV,39,2010,74388501,0.3,97581860,-71641962,247961670,-0.288923534,0.393536065,128927656,1.733166474,150221040,2.035771808,0,0,-119155318,0,0.762318949,115996662,-83303488
PSV,39,2011,34714633.8,0.14,91710874,-3029704,247961670,-0.012218437,0.369859075,147228469,4.241106786,142748948,2.035771808,0,0,-125220735,0,0.378522549,79505670.8,-11179846
PSV,39,2012,49058585.82,0.18,78361366,-25425847,272547699,-0.093289531,0.287514319,165045300,3.364249035,125771638,2.035771808,0,0,-142844627,0,0.626055776,73079092.82,-17720071
PSV,39,2013,49058585.82,0.18,56121604,13735906,272547699,0.050398173,0.205914797,116660289,2.377979044,97058720,2.035771808,9328872,1,-175955326,0,0.874147963,40113545.82,-20773368
PSV,39,2014,51784062.81,0.19,59203470,-2537570,272547699,-0.009310554,0.217222417,90052944,1.739008859,98999945,2.035771808,0,0,-174102672,0,0.874679521,50549209.81,1964476
PSV,39,2015,58493565.24,0.22,36693053,-25049143,265879842,-0.094212268,0.138006149,81981406,1.40154572,72249874,2.035771808,0,0,-201037780,0,1.594131871,76373522.24,-27122511
PSV,39,2016,116987130.5,0.44,13623732,-25310732,265879842,-0.09519613,0.051240184,82546770,0.705605562,31646066,2.035771808,0,0,-241606579,0,8.587010555,133539867.5,-40382889
PSV,39,2017,103693138.4,0.39,13059347,4130362,265879842,0.015534694,0.049117477,75023332,0.723512984,30932482,2.035771808,0,0,-242753977,0,7.940147266,126339836.4,-713583
RANDGOLD,40,2010,216958071.2,2.9,173981000,758140000,74813128,10.13378294,2.325541047,394618000,1.818867571,174455000,0.340959707,0,0,111696000,0,1.247021636,216958071.2,791279000
RANDGOLD,40,2011,203617227.5,2.73,168552000,37870000,74585065,0.507742401,2.259862615,44966000,0.220835931,169026000,0.340959707,64481000,1,168280000,0,1.208038038,203617227.5,-14360000
RANDGOLD,40,2012,223755195,3,175404000,-1996000,74585065,-0.02676139,2.351730873,42094000,0.188125241,175878000,0.340959707,0,0,175132000,0,1.275656171,223755195,6852000
RANDGOLD,40,2013,149170130,2,186863000,-4458000,74585065,-0.059770679,2.505367529,17572000,0.117798382,186912000,0.340959707,0,0,186166000,0,0.798286071,149170130,11034000
RANDGOLD,40,2014,161103740.4,2.16,169405000,124111000,74585065,1.664019466,2.271299221,15004000,0.093132537,169405000,0.340959707,161067000,1,168659000,0,0.950997553,161103740.4,136552000
RANDGOLD,40,2015,186462662.5,2.5,172171000,-9175000,74585065,-0.123013904,2.308384393,14125000,0.075752431,172171000,0.340959707,0,0,171425000,0,1.083008535,186462662.5,5366000
RANDGOLD,40,2016,157374487.2,2.11,159775000,-22465000,74585065,-0.301199711,2.1421849,17090000,0.108594476,159776000,0.340959707,0,0,159060000,0,0.984975667,157374487.2,-7987000
RANDGOLD,40,2017,133507266.4,1.79,152717000,-20022000,74585065,-0.268445164,2.047554695,13961000,0.104571087,152717000,0.340959707,0,0,152001000,0,0.874213521,133507266.4,-7059000
RAUBEX,41,2010,3942843157,21.59,1545872000,887263000,182623583,4.858425103,8.464799423,1556714000,0.394820169,2269696000,0.58551956,192759000,1,1263340000,0,2.550562503,3986095157,590830000
RAUBEX,41,2011,3419451079,18.53,1783168000,662558000,184535946,3.590400756,9.662984576,1466519000,0.428875561,2544613000,0.58551956,196620000,1,1510726000,0,1.917626987,3311372079,442126000
RAUBEX,41,2012,2474627036,13.41,1971251000,531462000,184535946,2.879991739,10.68220606,1657674000,0.669868217,2728880000,0.58551956,174008000,1,1670355000,0,1.255358671,2347978036,330924000
RAUBEX,41,2013,3939842447,21.35,2194639000,483805000,184535946,2.621738531,11.89274528,1899391000,0.482098212,2958590000,0.58551956,121222000,1,1850616000,0,1.795212081,3725692447,305064000
RAUBEX,41,2014,3857428818,20.75,2477366000,539875000,185900184,2.904112241,13.32632355,2112925000,0.547754761,3241037000,0.58551956,123143000,1,2109193000,0,1.557068604,3758341818,362304000
RAUBEX,41,2015,4104403915,21.91,2738319000,622171000,187330165,3.321253681,14.61760843,2739965000,0.667567095,3533417000,0.58551956,164373000,1,2381905000,0,1.4988772,4377856915,400082000
RAUBEX,41,2016,3591965683,18.98,3003559000,710563000,189250036,3.754625442,15.87085035,2893787000,0.805627686,3832842000,0.58551956,141904000,1,2718123000,0,1.195903155,3844431683,443388000
RAUBEX,41,2017,4427430877,24.36,3098623000,661675000,181750036,3.640576996,17.04881643,3044057000,0.687544783,3949725000,0.58551956,174343000,1,2938678000,0,1.428838189,4426912877,363370000
REUNERT,42,2010,11972900000,67,3978900000,1262800000,178700000,7.066592054,22.26580862,3481800000,0.290806739,4471000000,0.229019892,456800000,1,3641300000,1,3.009097992,11536600000,904700000
REUNERT,42,2011,10413900000,63,3280700000,1391400000,165300000,8.417422868,19.84694495,2170700000,0.208442562,3935600000,0.229019892,498500000,1,4493000000,1,3.174292072,9913000000,991500000
REUNERT,42,2012,12206700000,75.35,3791500000,1524600000,162000000,9.411111111,23.40432099,2089500000,0.171176485,4497800000,0.229019892,577400000,1,4996200000,1,3.219490967,11668600000,1066700000
REUNERT,42,2013,11172350000,68.5,4134300000,1329500000,163100000,8.151440834,25.34825261,2505700000,0.224276898,4937300000,0.229019892,612800000,1,6117400000,1,2.702355901,10927450000,963900000
REUNERT,42,2014,11389392662,60.7,5605000000,1017000000,187634146,5.420122199,29.87196158,3250000000,0.285353231,6332000000,0.229019892,612000000,1,6561000000,1,2.032005827,11523392662,387000000
REUNERT,42,2015,12531537375,68.28,6001000000,1167000000,183531596,6.358578171,32.69736727,2674000000,0.21338164,6725000000,0.229019892,629000000,1,6615000000,1,2.088241522,10381537375,955000000
REUNERT,42,2016,12528954650,68.09,6240000000,1315000000,184005796,7.146514015,33.91197525,2817000000,0.224839189,7092000000,0.229019892,690000000,1,6843000000,1,2.007845296,11569954650,941000000
REUNERT,42,2017,13306378147,72.19,6117000000,1497000000,184324396,8.121551094,33.18605748,2846000000,0.213882393,7243000000,0.229019892,745000000,1,7225000000,1,2.175311124,12170378147,1116000000
SASOL,43,2010,2.00E+11,311.75,95311000000,23937000000,642590516,37.2507832,148.323073,59242000000,0.295725611,97242000000,0.433897313,5360000000,1,85463000000,1,2.101830779,2.02E+11,15171000000
SASOL,43,2011,2.15E+11,335,1.08E+11,29950000000,642590516,46.60821978,168.5801413,67632000000,0.314176077,1.10E+11,0.433897313,6614000000,1,98590000000,1,1.987185426,2.16E+11,17849000000
SASOL,43,2012,2.43E+11,376.82,1.26E+11,37237000000,644825216,57.74743151,195.8871906,75439000000,0.310470231,1.28E+11,0.433897313,9600000000,1,1.13E+11,1,1.923658197,2.44E+11,26853000000
SASOL,43,2013,3.12E+11,481.2,1.51E+11,41073000000,648800716,63.30603371,232.558313,96220000000,0.308197005,1.53E+11,0.433897313,10787000000,1,1.28E+11,1,2.069158456,3.08E+11,34084000000
SASOL,43,2014,3.96E+11,609.28,1.72E+11,45818000000,650550166,70.42961849,264.7666683,1.05E+11,0.266154714,1.75E+11,0.433897313,13248000000,1,1.44E+11,1,2.301196008,3.88E+11,34002000000
SASOL,43,2015,2.59E+11,397.17,1.94E+11,46549000000,651094716,71.49343844,298.2515373,1.27E+11,0.491563481,1.96E+11,0.433897313,12739000000,1,1.61E+11,1,1.3316612,2.53E+11,32727000000
SASOL,43,2016,2.44E+11,374,2.10E+11,24239000000,651389516,37.21122217,321.9855322,1.78E+11,0.73186206,2.12E+11,0.433897313,10680000000,1,1.65E+11,1,1.161542872,2.77E+11,25890000000
SASOL,43,2017,2.41E+11,370.41,2.15E+11,31705000000,651436793,48.66934189,329.8447406,1.82E+11,0.753029329,2.17E+11,0.433897313,8628000000,1,1.77E+11,1,1.12298289,3.02E+11,12234000000
SEPHAKU,44,2010,568689571.3,3.65,388349429,3869309,155805362,0.024834248,2.492529294,134501132,0.236510636,478088816,0.265833835,0,0,149208601,0,1.464375969,700159560.3,-71496828
SEPHAKU,44,2011,457084976.4,2.7,687583374,372720976,169290732,2.201662026,4.061553553,4924244,0.010773148,746784330,0.265833835,0,0,161265964,0,0.664770257,451250335.4,343699433
SEPHAKU,44,2012,481014049.6,2.8,672623160,-21323098,171790732,-0.124122517,3.91536349,981915,0.002041344,672623160,0.265833835,0,0,162292622,0,0.71513156,456384913.6,13676125
SEPHAKU,44,2013,1061645413,5.65,502386804,-19848727,187901843,-0.105633488,2.673666186,354025075,0.333468285,740524658,0.265833835,0,0,146365124,0,2.113203222,1039307589,-17135161
SEPHAKU,44,2014,1276213622,6.7,509963989,51152576,190479645,0.268546154,2.677262387,359088703,0.281370373,747723722,0.265833835,0,0,144525951,0,2.502556355,1250212354,-2817779
SEPHAKU,44,2015,1410583801,7.01,610401026,59288082,201224508,0.294636486,3.033432816,374769517,0.265683979,844719699,0.265833835,0,0,197907280,0,2.310913221,1339669535,47161371
SEPHAKU,44,2016,767252885.2,3.8,679714151,84249475,201908654,0.4172653,3.366443872,352369257,0.459260908,910591763,0.265833835,0,0,258730837,0,1.128787571,676021453.2,60420475
SEPHAKU,44,2017,608908461,3,755296036,84749834,202969487,0.417549629,3.721229467,327326057,0.537562011,983879608,0.265833835,0,0,329214333,0,0.806185167,564151628,68138391
TELEMASTER,45,2010,56700000,1.35,24537973,12434404,42000000,0.296057238,0.584237452,34794707,0.613663263,30067383,0.62650016,3743538,1,30019324,0,2.310704311,36627975,7814357
TELEMASTER,45,2011,67200000,1.6,28328874,14420228,42000000,0.343338762,0.674497,30086594,0.447717173,32927734,0.62650016,7140000,1,32879675,0,2.372138053,46844739,10000351
TELEMASTER,45,2012,25200000,0.6,27006088,-5518715,42000000,-0.131397976,0.643002095,17155478,0.680772937,31270440,0.62650016,1680000,1,31222381,0,0.933122931,16812787,22707
TELEMASTER,45,2013,27300000,0.65,26917853,654351,42000000,0.015579786,0.640901262,18399861,0.673987582,30687520,0.62650016,1469048,1,30639461,0,1.014196786,22749173,257080
TELEMASTER,45,2014,46200000,1.1,28166229,3981452,42000000,0.094796476,0.6706245,13738344,0.297366753,32094950,0.62650016,1048748,1,32046891,0,1.640262174,39163246,2667430
TELEMASTER,45,2015,19320000,0.46,28791167,3518395,42000000,0.08377131,0.685503976,11847041,0.61320088,32327116,0.62650016,2520000,1,32279057,0,0.671039142,12198850,2752166
TELEMASTER,45,2016,29400000,0.7,29431062,2738303,42000000,0.06519769,0.700739571,18324438,0.623280204,33080373,0.62650016,1469091,1,33032314,0,0.998944584,25856528,2013257
TELEMASTER,45,2017,18900000,0.45,51169261,4189469,42000000,0.099749262,1.218315738,20072036,1.062012487,34697766,0.62650016,837390,1,34649707,0,0.369362379,14715522,2457393
WORKFORCE,46,2010,108000000,0.45,122959000,28846000,240000000,0.120191667,0.512329167,219442000,2.03187037,173804000,1.827937429,0,0,173794000,0,0.878341561,230272000,15434000
WORKFORCE,46,2011,100800000,0.42,143042000,33307000,240000000,0.138779167,0.596008333,250755000,2.48764881,197487000,1.827937429,0,0,93395000,0,0.704688134,84936000,23584000
WORKFORCE,46,2012,115200000,0.48,161848000,34442000,240000000,0.143508333,0.674366667,300141000,2.605390625,220352000,1.827937429,0,0,116580000,0,0.711778953,101391000,22723000
WORKFORCE,46,2013,108000000,0.45,151029000,20710000,240000000,0.086291667,0.6292875,320240000,2.965185185,212561000,1.827937429,0,0,109056000,0,0.715094452,94166000,3334000
WORKFORCE,46,2014,384000000,1.6,207339000,69267000,240000000,0.2886125,0.8639125,290584000,0.756729167,272313000,1.827937429,0,0,168265000,0,1.852039414,373309000,59394000
WORKFORCE,46,2015,316850745.9,1.3,258835000,93676000,243731343,0.384341213,1.061968464,333260000,1.051788592,354247000,1.827937429,353000,1,245050000,0,1.224141812,303758745.9,77702000
WORKFORCE,46,2016,499649253.2,2.05,305351000,120414000,243731343,0.494043969,1.252817944,440382000,0.881382284,446768000,1.827937429,417000,1,211155000,0,1.636311174,424797253.2,91380000
WORKFORCE,46,2017,246168656.4,1.01,363618000,107859000,243731343,0.442532334,1.491880345,453813000,1.843504395,542345000,1.827937429,0,0,309697000,0,0.676997994,219159656.4,98542000
COGNITION,47,2010,135746020,1.01,78905330,25288139,134402000,0.188152996,0.587084493,30099496,0.221733912,82921104,0.16415848,5431734,1,47212075,0,1.720365658,71181078,20165328
COGNITION,47,2011,133281960,0.98,91007459,24489010,136002000,0.180063602,0.669162652,30378913,0.227929669,97125230,0.16415848,6106079,1,60616201,0,1.464516881,61096012,19524218
COGNITION,47,2012,306004500,2.25,105478550,28599401,136002000,0.210286621,0.775566168,28566854,0.093354359,112106720,0.16415848,7460850,1,75597691,0,2.901106433,215782941,22461602
COGNITION,47,2013,337284960,2.48,117749107,31350361,136002000,0.23051397,0.865789525,33110400,0.098167437,126571639,0.16415848,9497807,1,73946903,0,2.86443752,234333241,24931456
COGNITION,47,2014,378085560,2.78,127820986,33350550,136002000,0.245221026,0.93984637,29834149,0.078908459,137732676,0.16415848,16282974,1,85107940,0,2.957930242,263854723,27481282
COGNITION,47,2015,275232000,2,123507892,29318323,137616000,0.213044435,0.897482066,31306543,0.113746014,151777724,0.16415848,16481521,1,94200852,0,2.228456786,185791896,25606808
COGNITION,47,2016,192537800,1.4,101836212,17517803,137527000,0.127377191,0.740481593,41582131,0.215968662,146908721,0.16415848,17245632,1,95171136,0,1.890661448,119412999,18226680
COGNITION,47,2017,211325450,1.55,99045941,22081888,136339000,0.161963107,0.726468149,55675661,0.263459328,146849186,0.16415848,11182391,1,102774161,0,2.133610402,132716526,18612289
BELL EQUIPMENT,48,2010,1234454000,13,1347934000,124637000,94958000,1.312548706,14.19505466,1226571000,0.993614181,1418709000,1.348219843,0,0,1087162000,0,0.915811902,1394325000,-14638000
BELL EQUIPMENT,48,2011,2468908000,26,1694567000,435640000,94958000,4.587712462,17.84543693,2092673000,0.847610766,1777536000,1.348219843,0,0,1371285000,0,1.456955081,2908757000,333218000
BELL EQUIPMENT,48,2012,2078980860,21.89,1955408000,364874000,94974000,3.841830396,20.58887696,1415768000,0.680991358,2973559000,1.348219843,0,0,1596095000,0,1.063195435,2309989860,272463000
BELL EQUIPMENT,48,2013,1792520213,18.84,2339444000,340075000,95144385,3.574304464,24.5883559,2267672000,1.265074716,2488661000,1.348219843,37991000,1,1766067000,0,0.766216337,2425990213,461611000
BELL EQUIPMENT,48,2014,837292588,8.8,2333253000,185091000,95146885,1.945318546,24.52264202,1958173000,2.338696207,2536331000,1.348219843,0,0,1831459000,0,0.358852035,847217588,41537000
BELL EQUIPMENT,48,2015,1189336063,12.5,2790986000,291764000,95146885,3.066458771,29.33344586,1848769000,1.554454673,3004291000,1.348219843,0,0,2001086000,0,0.426134729,1565873063,465800000
BELL EQUIPMENT,48,2016,1210270440,12.7,2541828000,148248000,95296885,1.555643713,26.67272912,1748701000,1.444884501,2758247000,1.348219843,14273000,1,1972810000,0,0.476141753,1626806440,-166827000
BELL EQUIPMENT,48,2017,1426744068,14.97,2763836000,433246000,95306885,4.545799603,28.999332,2369012000,1.660432345,2988602000,1.348219843,19062000,1,2214236000,0,0.516218787,2022279068,234774000
AFRICAN RAINBOW MINERALS,49,2010,36157703920,170,18317000000,2920000000,212692376,13.72874785,86.11968301,9704000000,0.268379873,18529000000,0.379917722,371000000,1,13223000000,1,1.973997048,37228703920,1896000000
AFRICAN RAINBOW MINERALS,49,2011,36978495690,173.5,21913000000,5322000000,213132540,24.97037759,102.8139579,10194000000,0.275673734,22115000000,0.379917722,426000000,1,16105000000,1,1.687514064,37337495690,3744000000
AFRICAN RAINBOW MINERALS,49,2012,35798622912,166.62,24214000000,5216000000,214851896,24.2771886,112.7008905,10911000000,0.30478826,24405000000,0.379917722,959000000,1,18681000000,1,1.47842665,36676622912,2765000000
AFRICAN RAINBOW MINERALS,49,2013,43079713156,199.79,25284000000,5537000000,215624972,25.67884391,117.2591457,12658000000,0.293827397,25463000000,0.379917722,1021000000,1,19294000000,1,1.703832984,43832713156,1731000000
AFRICAN RAINBOW MINERALS,49,2014,30187496080,140,28033000000,1671000000,215624972,7.749566224,130.0081328,8259000000,0.273590098,28199000000,0.379917722,1102000000,1,21311000000,1,1.076855709,33050496080,3665000000
AFRICAN RAINBOW MINERALS,49,2015,11531394664,53.02,26756000000,1040000000,217491412,4.781798005,123.0209494,8378000000,0.726538311,26905000000,0.379917722,1302000000,1,20113000000,1,0.430983505,14542394664,-64000000
AFRICAN RAINBOW MINERALS,49,2016,17855990252,81.9,24444000000,653000000,218021859,2.995112522,112.1171983,10546000000,0.590614122,24581000000,0.379917722,761000000,1,18601000000,1,0.73048561,22852990252,1470000000
AFRICAN RAINBOW MINERALS,49,2017,22992189304,105.13,25082000000,214000000,218702457,0.978498381,114.6854971,7034000000,0.305929979,24040000000,0.379917722,426000000,1,19556000000,1,0.916680859,24806189304,-110000000
SPUR CORPORATION,50,2010,1269226829,13,123686000,118549000,97632833,1.214232921,1.266848418,127430000,0.100399706,403295000,0.077843198,80708000,1,434015000,0,10.26168547,1199687829,63540000
SPUR CORPORATION,50,2011,1264345187,12.95,126759000,111969000,97632833,1.14683756,1.298323485,147727000,0.116840718,408236000,0.077843198,54785000,1,450507000,0,9.974401718,1154491187,71648000
SPUR CORPORATION,50,2012,2103987551,21.55,104620000,168936000,97632833,1.730319553,1.071565751,178408000,0.084795179,425606000,0.077843198,65108000,1,490815000,0,20.11075847,2027488551,118208000
SPUR CORPORATION,50,2013,3002209615,30.75,149160000,189186000,97632833,1.937729288,1.527764743,217631000,0.072490275,470858000,0.077843198,88444000,1,535248000,0,20.12744445,2972326615,150951000
SPUR CORPORATION,50,2014,3036381106,31.1,159878000,194999000,97632833,1.997268685,1.637543387,218351000,0.071911592,519620000,0.077843198,96682000,1,575670000,0,18.99186321,2970743106,142932000
SPUR CORPORATION,50,2015,3623262928,33.4,469485000,182438000,108480926,1.681751869,4.327811509,252189000,0.069602732,854095000,0.077843198,114345000,1,618675000,0,7.717526499,3347850928,124634000
SPUR CORPORATION,50,2016,3498509864,32.25,499246000,220566000,108480926,2.033223795,4.602154668,202059000,0.057755733,864663000,0.077843198,133546000,1,622054000,0,7.007587168,3253198864,144016000
SPUR CORPORATION,50,2017,3145946854,29,475075000,174145000,108480926,1.60530525,4.379341305,153993000,0.048949651,837176000,0.077843198,141809000,1,605388000,0,6.622000429,2903415854,129681000
